,Tên phim,Năm sản xuất,Thời gian xem,Đánh giá
0,Nhà tù Shawshank,(1994),142 min,9.3
1,Bố Già,(1972),175 min,9.2
2,Kantara,(2022),148 min,9.1
3,Kỵ Sĩ Bóng Đêm,(2008),152 min,9.0
4,Chúa Tể Của Những Chiếc Nhẫn: Sự Quay Trở Lại Của Nhà Vua,(2003),201 min,9.0
5,Bản Danh Sách Của Schindler,(1993),195 min,9.0
6,Bố Già Phần II,(1974),202 min,9.0
7,12 Angry Men,(1957),96 min,9.0
8,Jai Bhim,(2021),164 min,8.9
9,Chuyện Tào Lao,(1994),154 min,8.9
10,Rocketry: The Nambi Effect,(2022),157 min,8.8
11,Kẻ Đánh Cắp Giấc Mơ,(2010),148 min,8.8
12,Chúa Tể Của Những Chiếc Nhẫn: Hai Tòa Tháp,(2002),179 min,8.8
13,Sàn Đấu Sinh Tử,(1999),139 min,8.8
14,Chúa Tể Của Những Chiếc Nhẫn: Những Người Bạn Của Nhẫn,(2001),178 min,8.8
15,Cuộc Đời Forrest Gump,(1994),142 min,8.8
16,"Thiện, Ác, Tà",(1966),161 min,8.8
17,Soorarai Pottru,(2020),153 min,8.7
18,Ma Trận,(1999),136 min,8.7
19,Chiến Hữu,(1990),145 min,8.7
20,Chiến Tranh Giữa Các Vì Sao Tập 5: Đế Chế Phản Công,(1980),124 min,8.7
21,Bay Trên Tổ Chim Cúc Cu,(1975),133 min,8.7
22,Hố Đen Tử Thần,(2014),169 min,8.6
23,Thành Phố Của Chúa,(2002),130 min,8.6
24,Vùng Đất Linh Hồn,(2001),125 min,8.6
25,Giải Cứu Binh Nhì Ryan,(1998),169 min,8.6
26,Dặm Xanh,(1999),189 min,8.6
27,Cuộc Sống Tươi Đẹp,(1997),116 min,8.6
28,7 Tội Lỗi Chết Người,(1995),127 min,8.6
29,Kẻ Hủy Diệt 2: Ngày Phán Xét,(1991),137 min,8.6
30,Sự Im Lặng Của Bầy Cừu,(1991),118 min,8.6
31,Chiến Tranh Giữa Các Vì Sao Tập 4: Niềm Hi Vọng Mới,(1977),121 min,8.6
32,Seppuku,(1962),133 min,8.6
33,Bảy Võ Sĩ Đạo,(1954),207 min,8.6
34,Cuộc Sống Tươi Đẹp,(1946),130 min,8.6
35,Kaithi,(2019),145 min,8.5
36,Asuran,(2019),141 min,8.5
37,96,(II) (2018),158 min,8.5
38,Ký Sinh Trùng,(2019),132 min,8.5
39,Tay Trống Cự Phách,(2014),106 min,8.5
40,Sita Ramam,(2022),163 min,8.5
41,Những Kẻ Bên Lề,(2011),112 min,8.5
42,Ảo Thuật Gia Đấu Trí,(2006),130 min,8.5
43,Điệp Vụ Boston,(2006),151 min,8.5
44,Nghệ Sĩ Dương Cầm,(2002),150 min,8.5
45,Võ Sĩ Giác Đấu,(2000),155 min,8.5
46,Lịch Sử Mĩ Thế Kỉ X,(1998),119 min,8.5
47,Nghi Phạm Vô Hình,(1995),106 min,8.5
48,Léon: Sát Thủ Chuyên Nghiệp,(1994),110 min,8.5
49,Vua Sư Tử,(1994),88 min,8.5
50,Rạp Chiếu Bóng Thiên Đường,(1988),155 min,8.5
51,Mộ Đom Đóm,(1988),89 min,8.5
52,Trở Về Tương Lai,(1985),116 min,8.5
53,Lời Sấm Truyền,(1979),147 min,8.5
54,Quái Vật Không Gian,(1979),117 min,8.5
55,Thưở Ấy Miền Viễn Tây,(1968),165 min,8.5
56,Tâm Thần Hoảng Loạn,(1960),109 min,8.5
57,Rear Window,(1954),112 min,8.5
58,Chuyện Tình Thế Chiến,(1942),102 min,8.5
59,Thời Hiện Đại,(1936),87 min,8.5
60,Ánh Sáng Đô Thị,(1931),87 min,8.5
61,Vikram,(2022),175 min,8.4
62,Anh Hùng Hamilton,(2020),160 min,8.4
63,Capharnaüm,(2018),126 min,8.4
64,Joker,(I) (2019),122 min,8.4
65,Tên Cậu Là Gì?,(2016),106 min,8.4
66,Người Nhện: Vũ Trụ Mới,(2018),117 min,8.4
67,Avengers: Hồi Kết,(2019),181 min,8.4
68,Avengers: Cuộc Chiến Vô Cực,(2018),149 min,8.4
69,Coco: Hội Ngộ Diệu Kỳ,(I) (2017),105 min,8.4
70,Hành Trình Django,(2012),165 min,8.4
71,Phi Công Siêu Đẳng Maverick,(2022),130 min,8.4
72,Kỵ Sĩ Bóng Đêm Trỗi Dậy,(2012),164 min,8.4
73,Drishyam 2,(2021),152 min,8.4
74,3 Chàng Ngốc,(2009),170 min,8.4
75,K.G.F: Chapter 2,(2022),168 min,8.4
76,Cuộc Chiến Kargil,(2021),135 min,8.4
77,Sardar Udham,(2021),164 min,8.4
78,Cậu Bé Đặc Biệt,(2007),165 min,8.4
79,Rô-bốt Biết Yêu,(2008),98 min,8.4
80,Khoảnh Khắc Cuộc Đời,(2006),137 min,8.4
81,Oldboy: Báo Thù,(2003),120 min,8.4
82,Kẻ Mất Trí Nhớ,(2000),113 min,8.4
83,Vẻ Đẹp Mỹ,(1999),122 min,8.4
84,Công Chúa Mononoke,(1997),134 min,8.4
85,Trái Tim Dũng Cảm,(1995),178 min,8.4
86,Đến Mà Xem,(1985),142 min,8.4
87,Quái Vật Không Gian 2,(1986),137 min,8.4
88,Sự Đố Kỵ Của Thiên Tài,(1984),160 min,8.4
89,Indiana Jones Và Chiếc Rương Thánh Tích,(1981),115 min,8.4
90,Trận Chiến Tàu Ngầm,(1981),149 min,8.4
91,Ngôi Nhà Ma,(1980),146 min,8.4
92,Tengoku to jigoku,(1963),143 min,8.4
93,Tiến Sĩ Strangelove,(1964),95 min,8.4
94,Nhân Chứng Buộc Tội,(1957),116 min,8.4
95,Paths of Glory,(1957),88 min,8.4
96,Sunset Blvd.,(1950),110 min,8.4
97,Nhà Độc Tài Vĩ Đại,(1940),125 min,8.4
98,Ratsasan,(2018),170 min,8.3
99,Ayla: The Daughter of War,(2017),125 min,8.3
100,Vikram Vedha,(2017),147 min,8.3
101,Dangal,(2016),161 min,8.3
102,Drishyam,(2013),160 min,8.3
103,Cuộc Săn Lùng,(2012),115 min,8.3
104,Cuộc Chia Ly,(2011),123 min,8.3
105,Incendies,(2010),131 min,8.3
106,Người Nhện: Không Còn Nhà,(2021),148 min,8.3
107,Vút Bay,(2009),96 min,8.3
108,Câu Chuyện Đồ Chơi 3,(2010),103 min,8.3
109,Định Mệnh,(2009),153 min,8.3
110,Tia Nắng Vĩnh Cửu Của Tâm Hồn Tinh Khiết,(2004),108 min,8.3
111,Le fabuleux destin d'Amélie Poulain,(2001),122 min,8.3
112,Nguyện Cầu Cho Một Giấc Mơ,(2000),102 min,8.3
113,Chàng Will Tốt Bụng,(1997),126 min,8.3
114,Câu Chuyện Đồ Chơi,(1995),81 min,8.3
115,Kỳ Phùng Địch Thủ,(1995),170 min,8.3
116,Những Kẻ Phản Bội,(1992),99 min,8.3
117,Áo Giắp Sắt,(1987),116 min,8.3
118,Nước Mỹ Một Thời,(1984),229 min,8.3
119,Ông Trùm Mặt Sẹo,(1983),170 min,8.3
120,Chiến Tranh Giữa Các Vì Sao Tập 6: Sự Quay Trở Lại Của Jedi,(1983),131 min,8.3
121,The Sting,(1973),129 min,8.3
122,Cỗ Máy Tội Phạm,(1971),136 min,8.3
123,2001: Chuyến Du Hành Không Gian,(1968),149 min,8.3
124,Giết Con Chim Nhại,(1962),129 min,8.3
125,Lawrence Xứ Ả Rập,(1962),218 min,8.3
126,Tòa Án Chiến Tranh,(1961),179 min,8.3
127,Căn Hộ Tình Yêu,(1960),125 min,8.3
128,Bắc Tây Bắc,(1959),136 min,8.3
129,Vertigo,(1958),128 min,8.3
130,Pather Panchali,(1955),125 min,8.3
131,Singin' in the Rain,(1952),103 min,8.3
132,Ikiru,(1952),143 min,8.3
133,Kẻ Trộm Xe Đạp,(1948),89 min,8.3
134,Double Indemnity,(1944),107 min,8.3
135,Công Dân Kane,(1941),119 min,8.3
136,M - Eine Stadt sucht einen Mörder,(1931),117 min,8.3
137,Thành Phố Trung Tâm,(1927),153 min,8.3
138,Đứa Trẻ,(1921),68 min,8.3
139,Chhichhore,(2019),143 min,8.2
140,Thế Chiến 1917,(2019),119 min,8.2
141,Uri: The Surgical Strike,(2019),138 min,8.2
142,Tumbbad,(2018),104 min,8.2
143,Andhadhun,(2018),139 min,8.2
144,K.G.F: Chapter 1,(2018),156 min,8.2
145,Cẩm Nang Xanh,(2018),130 min,8.2
146,Baahubali 2: The Conclusion,(2017),167 min,8.2
147,Drishyam,(2015),163 min,8.2
148,Bhaag Milkha Bhaag,(2013),186 min,8.2
149,Những Mảnh Ghép Cảm Xúc,(I) (2015),95 min,8.2
150,Gangs of Wasseypur,(2012),321 min,8.2
151,Paan Singh Tomar,(2012),135 min,8.2
152,Sông Chi Môt Lân,(2011),155 min,8.2
153,Bí Mật Sau Ánh Mắt,(2009),129 min,8.2
154,Chiến Binh Quyền Anh,(2011),140 min,8.2
155,Đảo Kinh Hoàng,(2010),138 min,8.2
156,Thanh Gươm Diệt Quỷ: Chuyến Tàu Vô Tận,(2020),117 min,8.2
157,Miracle in Cell No. 7,(2019),132 min,8.2
158,The Father,(I) (2020),97 min,8.2
159,Sói Già Phố Wall,(2013),180 min,8.2
160,Không Chốn Dung Thân,(2007),122 min,8.2
161,Cha Và Con Của Tôi,(2005),112 min,8.2
162,Máu Sẽ Phải Đổ,(2007),158 min,8.2
163,Mê Cung Của Pan,(2006),118 min,8.2
164,Chiến Binh Tự Do,(2005),132 min,8.2
165,Người Dơi Xuất Hiện,(2005),140 min,8.2
166,"Swades: We, the People",(2004),210 min,8.2
167,Ngày Tàn Của Hitler,(2004),156 min,8.2
168,Lâu Đài Di Động Của Howl,(2004),119 min,8.2
169,Một Tâm Hồn Đẹp,(2001),135 min,8.2
170,Cô Dâu Báo Thù 1,(2003),111 min,8.2
171,Đi Tìm Nemo,(2003),100 min,8.2
172,Tên Trộm Nữ Trang,(2000),104 min,8.2
173,Giác Quan Thứ Sáu,(1999),107 min,8.2
174,Băng Đảng Người Anh,(1998),107 min,8.2
175,Buổi Diễn Của Truman,(1998),103 min,8.2
176,Bí Mật Los Angeles,(1997),138 min,8.2
177,Những Đứa Trẻ Thiên Đường,(1997),89 min,8.2
178,Sòng Bạc,(1995),178 min,8.2
179,Công Viên Kỷ Jura,(1993),127 min,8.2
180,Không Thể Tha Thứ,(1992),130 min,8.2
181,Indiana Jones Và Cuộc Thập Tự Chinh Cuối Cùng,(1989),127 min,8.2
182,Đương Đầu Với Thử Thách,(1988),132 min,8.2
183,Lãnh Chúa Hidetora,(1985),162 min,8.2
184,Quái Vật Biến Hình,(1982),109 min,8.2
185,Bò Đực Nổi Điên,(1980),129 min,8.2
186,Người Voi,(1980),124 min,8.2
187,Tài Xế Taxi,(1976),114 min,8.2
188,Chén Thánh Phiêu Lưu Ký,(1975),91 min,8.2
189,Dersu Uzala,(1975),142 min,8.2
190,Phố Tàu,(1974),130 min,8.2
191,Z,(1969),127 min,8.2
192,Per qualche dollaro in più,(1965),132 min,8.2
193,Cuộc Đào Thoát Vĩ Đại,(1963),172 min,8.2
194,Yôjinbô,(1961),110 min,8.2
195,Some Like It Hot,(1959),121 min,8.2
196,Cầu Sông Kwai,(1957),161 min,8.2
197,Cuộc Gọi Chết Người,(1954),105 min,8.2
198,Câu Chuyện Tokyo,(1953),136 min,8.2
199,Le salaire de la peur,(1953),131 min,8.2
200,Umberto D.,(1952),89 min,8.2
201,Lã Sinh Môn,(1950),88 min,8.2
202,All About Eve,(1950),138 min,8.2
203,Kho Báu Ở Sierra Madre,(1948),126 min,8.2
204,To Be or Not to Be,(1942),99 min,8.2
205,Cuốn Theo Chiều Gió,(1939),238 min,8.2
206,Bài Ca Khổ Hình Của Joan of Arc,(1928),110 min,8.2
207,The General,(1926),67 min,8.2
208,Cuộc Săn Vàng,(1925),95 min,8.2
209,Sherlock Jr.,(1924),45 min,8.2
210,Bức Chân Dung Bị Thiêu Cháy,(2019),122 min,8.1
211,Cuộc Chiến Đa Vũ Trụ,(2022),139 min,8.1
212,Pink,(III) (2016),136 min,8.1
213,Dáng Hình Thanh Âm,(2016),130 min,8.1
214,Three Billboards: Truy Tìm Công Lý,(2017),115 min,8.1
215,Talvar,(2015),132 min,8.1
216,Klaus - Câu Chuyện Giáng Sinh,(2019),96 min,8.1
217,Masaan,(2015),109 min,8.1
218,Người Hầu Gái,(2016),145 min,8.1
219,Bajrangi Bhaijaan,(2015),163 min,8.1
220,Nu Hoang An Do,(2013),146 min,8.1
221,Logan: Người Sói,(2017),137 min,8.1
222,Room,(I) (2015),118 min,8.1
223,Relatos salvajes,(2014),122 min,8.1
224,Mandariinid,(2013),87 min,8.1
225,Kis Uykusu,(2014),196 min,8.1
226,Peekay Ngây Thơ,(2014),153 min,8.1
227,OMG: Oh My God!,(2012),125 min,8.1
228,Khách Sạn Đế Vương,(2014),99 min,8.1
229,Cô Gái Mất Tích,(2014),149 min,8.1
230,Những Đứa Con Của Sói,(2012),117 min,8.1
231,Người Hùng Không Súng,(2016),139 min,8.1
232,Barfi!,(2012),151 min,8.1
233,12 Năm Nô Lệ,(2013),134 min,8.1
234,Đường Đua Nghẹt Thở,(I) (2013),123 min,8.1
235,Cuộc Đua Lịch Sử,(2019),152 min,8.1
236,Tiêu Điểm,(I) (2015),129 min,8.1
237,Người Tình Mất Tích,(2012),122 min,8.1
238,Udaan,(2010),134 min,8.1
239,Người Giúp Việc,(2011),146 min,8.1
240,Lần Theo Dấu Vết,(2013),153 min,8.1
241,Max Điên: Con Đường Tử Thần,(2015),120 min,8.1
242,A Wednesday,(2008),104 min,8.1
243,Ngọt Và Đắng,(2008),116 min,8.1
244,Harry Potter và Bảo Bối Tử Thần: Phần 2,(2011),130 min,8.1
245,Article 15,(2019),130 min,8.1
246,Hachi: A Dog's Tale,(2009),93 min,8.1
247,Mary Và Max,(2009),92 min,8.1
248,Bí Kíp Luyện Rồng,(2010),98 min,8.1
249,Chak De! India,(2007),153 min,8.1
250,Về Với Thiên Nhiên,(2007),148 min,8.1
251,Rang De Basanti,(2006),167 min,8.1
252,Million Dollar Baby,(2004),132 min,8.1
253,Khách Sạn Rwanda,(2004),121 min,8.1
254,Chú Chuột Đầu Bếp,(2007),111 min,8.1
255,Trước Lúc Hoàng Hôn,(2004),80 min,8.1
256,Black,(2005),122 min,8.1
257,Munna Bhai M.B.B.S.,(2003),156 min,8.1
258,Hồi Ức Kẻ Sát Nhân,(2003),131 min,8.1
259,Cướp Biển Vùng Caribê: Lời Nguyền Của Tàu Ngọc Trai Đen,(2003),143 min,8.1
260,Dil Chahta Hai,(2001),183 min,8.1
261,Hãy Bắt Tôi Nếu Có Thể,(2002),141 min,8.1
262,Her Sey Çok Güzel Olacak,(1998),107 min,8.1
263,Amores perros,(2000),154 min,8.1
264,Hera Pheri,(2000),156 min,8.1
265,Sarfarosh,(1999),174 min,8.1
266,Công Ty Quái Vật,(2001),92 min,8.1
267,Lagaan: Once Upon a Time in India,(2001),224 min,8.1
268,Festen,(1998),105 min,8.1
269,The Iron Giant,(1999),86 min,8.1
270,Bá Tước Lebowski,(1998),117 min,8.1
271,Tâm trạng khi yêu,(2000),98 min,8.1
272,Lối Sống Đồi Trụy,(1996),93 min,8.1
273,Thị Trấn Fargo,(1996),98 min,8.1
274,Eskiya,(1996),128 min,8.1
275,Underground,(1995),170 min,8.1
276,La haine,(1995),98 min,8.1
277,Before Sunrise,(1995),101 min,8.1
278,Ba Sắc Màu: Đỏ,(1994),99 min,8.1
279,In the Name of the Father,(1993),133 min,8.1
280,Ngày Chuột Chũi,(1993),101 min,8.1
281,Bá Vương Biệt Cơ,(1993),171 min,8.1
282,Đèn Lồng Đỏ Treo Cao,(1991),125 min,8.1
283,Dom za vesanje,(1988),142 min,8.1
284,Hội Cố Thi Nhân,(1989),128 min,8.1
285,Hàng Xóm Của Tôi Là Totoro,(1988),86 min,8.1
286,Stand by Me,(1986),89 min,8.1
287,Trung Đội,(1986),120 min,8.1
288,Trang Trại,(1986),120 min,8.1
289,Kẻ Hủy Diệt,(1984),107 min,8.1
290,"Paris, Texas",(1984),145 min,8.1
291,Cuộc Đời Gandhi,(1982),191 min,8.1
292,Nơi Tất Cả Chỉ Là Những Giấc Mơ,(1982),188 min,8.1
293,Tội Phạm Nhân Bản,(1982),117 min,8.1
294,Stalker,(1979),162 min,8.1
295,Höstsonaten,(1978),99 min,8.1
296,Kẻ Săn Hươu,(1978),183 min,8.1
297,Tay Đấm Huyền Thoại,(1976),120 min,8.1
298,Network,(1976),121 min,8.1
299,The Message,(1976),177 min,8.1
300,Sholay,(1975),204 min,8.1
301,Hàm Cá Mập,(1975),124 min,8.1
302,Barry Lyndon,(1975),185 min,8.1
303,Paper Moon,(1973),102 min,8.1
304,The Exorcist,(1973),122 min,8.1
305,Anand,(1971),122 min,8.1
306,Cool Hand Luke,(1967),127 min,8.1
307,Persona,(1966),85 min,8.1
308,Andrei Rublev,(1966),205 min,8.1
309,Giai Điệu Hạnh Phúc,(1965),172 min,8.1
310,La battaglia di Algeri,(1966),121 min,8.1
311,The Man Who Shot Liberty Valance,(1962),123 min,8.1
312,Jungfrukällan,(1960),89 min,8.1
313,Inherit the Wind,(1960),128 min,8.1
314,Les quatre cents coups,(1959),99 min,8.1
315,Ben-Hur: Truyền Thuyết Đức Chúa Trời,(1959),212 min,8.1
316,Kakushi-toride no san-akunin,(1958),139 min,8.1
317,Smultronstället,(1957),91 min,8.1
318,Phong Ấn Thứ Bảy,(1957),96 min,8.1
319,Le notti di Cabiria,(1957),110 min,8.1
320,Kumonosu-jô,(1957),110 min,8.1
321,Du rififi chez les hommes,(1955),118 min,8.1
322,On the Waterfront,(1954),108 min,8.1
323,Les diaboliques,(1955),117 min,8.1
324,Ace in the Hole,(1951),111 min,8.1
325,White Heat,(1949),114 min,8.1
326,Người Thứ Ba,(1949),104 min,8.1
327,Đôi Giày Đỏ,(1948),135 min,8.1
328,The Best Years of Our Lives,(1946),170 min,8.1
329,Rebecca,(1940),130 min,8.1
330,The Grapes of Wrath,(1940),129 min,8.1
331,Phù Thủy Xứ Oz,(1939),102 min,8.1
332,Mr. Smith Goes to Washington,(1939),129 min,8.1
333,La Grande Illusion,(1937),113 min,8.1
334,Chuyện Xảy Ra Trong Đêm,(1934),105 min,8.1
335,All Quiet on the Western Front,(1930),152 min,8.1
336,Rạp Xiếc,(1928),72 min,8.1
337,Sunrise: A Song of Two Humans,(1927),94 min,8.1
338,Aida Và Cuộc Đàm Phán Sinh Tử,(2020),101 min,8.0
339,RRR (Rise Roar Revolt),(2022),187 min,8.0
340,Sói Lang Thang,(2020),103 min,8.0
341,Sát Thủ Vô Hình,(2016),106 min,8.0
342,Những Kẻ Khờ Mộng Mơ,(2016),128 min,8.0
343,Lion,(2016),118 min,8.0
344,Người Về Từ Sao Hỏa,(2015),144 min,8.0
345,Mommy,(I) (2014),139 min,8.0
346,Haider,(2014),160 min,8.0
347,Cuộc Sống Nhiệm Màu,(2020),100 min,8.0
348,Phi Vụ Động Trời,(2016),108 min,8.0
349,Bãhubali: The Beginning,(2015),159 min,8.0
350,Chuyện Công Chúa Kaguya,(2013),137 min,8.0
351,Special Chabbis,(2013),144 min,8.0
352,Người Giải Mã,(2014),114 min,8.0
353,Vệ Binh Dải Ngân Hà,(2014),121 min,8.0
354,Song of the Sea,(2014),93 min,8.0
355,Tội Phạm Nhân Bản 2049,(2017),164 min,8.0
356,Hạnh Phúc Ảo,(2013),126 min,8.0
357,Người Về Từ Cõi Chết,(2015),156 min,8.0
358,Câu Chuyện Tuổi Teen,(2012),103 min,8.0
359,Biệt Đội Tinh Nhuệ 2: Kẻ Thù Bên Trong,(2010),115 min,8.0
360,Nhà Vua Nói Lắp,(2010),118 min,8.0
361,Deadpool,(2016),108 min,8.0
362,Liên Minh Công Lý - Phiên bản của Zack Snyder,(2021),242 min,8.0
363,Diệp Vấn,(2008),106 min,8.0
364,Nefes: Vatan Sagolsun,(2009),128 min,8.0
365,Hành Tinh Cát,(2021),155 min,8.0
366,Người Tiễn Đưa,(2008),130 min,8.0
367,Giai Điệu Con Tim,(2021),111 min,8.0
368,Triệu Phú Ổ Chuột,(2008),120 min,8.0
369,Thiên Nga Đen,(2010),108 min,8.0
370,Biệt Đội Tinh Nhuệ,(2007),115 min,8.0
371,Avengers: Biệt Đội Siêu Anh Hùng,(2012),143 min,8.0
372,Giấc Mơ Kỳ Lạ,(2007),96 min,8.0
373,Lage Raho Munna Bhai,(2006),144 min,8.0
374,Mưu Cầu Hạnh Phúc,(2006),117 min,8.0
375,Kim Cương Máu,(2006),143 min,8.0
376,Siêu Điệp Viên 3: Tối Hậu Thư Của Bourne,(2007),115 min,8.0
377,Dare mo shiranai,(2004),141 min,8.0
378,Thành Phố Tội Ác,(2005),124 min,8.0
379,Tiếng Chuông Lặng Và Cánh Bướm,(2007),112 min,8.0
380,Cờ Thái Cực Giương Cao,(2004),140 min,8.0
381,G.O.R.A.,(2004),127 min,8.0
382,Sòng Bạc Hoàng Gia,(2006),144 min,8.0
383,Cô Dâu Báo Thù 2,(2004),137 min,8.0
384,"Xuân, Hạ, Thu, Đông... Rồi Lại Xuân",(2003),103 min,8.0
385,Mar adentro,(I) (2004),126 min,8.0
386,Võ Sĩ Quyền Anh,(2005),144 min,8.0
387,Vô Gian Đạo,(2002),101 min,8.0
388,Cá Lớn,(2003),125 min,8.0
389,Gia Đình Siêu Nhân,(2004),115 min,8.0
390,Yeopgijeogin geunyeo,(2001),137 min,8.0
391,Thị Trấn Dogville,(2003),178 min,8.0
392,Vizontele,(2001),110 min,8.0
393,Donnie Darko,(2001),113 min,8.0
394,Hương Mộc Lan,(1999),188 min,8.0
395,Neon Genesis Evangelion: The End of Evangelion,(1997),87 min,8.0
396,The Straight Story,(1999),112 min,8.0
397,Màu Của Ảo Giác,(1997),81 min,8.0
398,Central do Brasil,(1998),110 min,8.0
399,Huyền Thoại 1900,(1998),169 min,8.0
400,"Crna macka, beli macor",(1998),127 min,8.0
401,Sóng Gió Cuộc Đời,(1996),135 min,8.0
402,Secrets & Lies,(1996),136 min,8.0
403,12 Con Khỉ,(1995),129 min,8.0
404,Dilwale Dulhania Le Jayenge,(1995),189 min,8.0
405,Trùng Khánh Sâm Lâm,(1994),102 min,8.0
406,Andaz Apna Apna,(1994),160 min,8.0
407,Hương Đàn Bà,(1992),156 min,8.0
408,Aladdin,(1992),90 min,8.0
409,JFK,(1991),189 min,8.0
410,Người Đẹp Và Quái Vật,(1991),84 min,8.0
411,Khiêu Vũ Với Bầy Sói,(1990),181 min,8.0
412,Người Đàn Ông Trong Mưa,(1988),133 min,8.0
413,Akira,(1988),124 min,8.0
414,Cô Dâu Công Chúa,(1987),98 min,8.0
415,Der Himmel über Berlin,(1987),128 min,8.0
416,Tạm Biệt Những Đứa Trẻ,(1987),104 min,8.0
417,Laputa: Lâu đài trên không,(1986),125 min,8.0
418,Nàng Công Chúa Ở Thung Lũng Gió,(1984),117 min,8.0
419,Nostalgia,(1983),125 min,8.0
420,Pink Floyd: The Wall,(1982),95 min,8.0
421,Fitzcarraldo,(1982),158 min,8.0
422,Life of Brian,(1979),94 min,8.0
423,Being There,(1979),130 min,8.0
424,Annie Hall,(1977),93 min,8.0
425,Dog Day Afternoon,(1975),125 min,8.0
426,Zerkalo,(1975),107 min,8.0
427,Frankenstein Trẻ,(1974),106 min,8.0
428,Người Tù Khổ Sai,(1973),151 min,8.0
429,Viskningar och rop,(1972),91 min,8.0
430,Solaris,(1972),167 min,8.0
431,Sleuth,(1972),138 min,8.0
432,The Last Picture Show,(1971),118 min,8.0
433,Fiddler on the Roof,(1971),181 min,8.0
434,Butch Cassidy and the Sundance Kid,(1969),110 min,8.0
435,Rosemary's Baby,(1968),137 min,8.0
436,Hành Tinh Khỉ,(1968),112 min,8.0
437,Le Samouraï,(1967),105 min,8.0
438,Sinh Viên Tốt Nghiệp,(1967),106 min,8.0
439,Ai Sợ Virginia Woolf?,(1966),131 min,8.0
440,Con Báo,(1963),186 min,8.0
441,8½,(1963),138 min,8.0
442,El ángel exterminador,(1962),95 min,8.0
443,Dieu Gi Da Xay Ra Voi Baby Jane?,(1962),134 min,8.0
444,Sanjuro,(1962),96 min,8.0
445,Thời Thơ Ấu Của Ivan,(1962),95 min,8.0
446,Såsom i en spegel,(1961),90 min,8.0
447,The Hustler,(1961),134 min,8.0
448,La dolce vita,(1960),174 min,8.0
449,Rio Bravo,(1959),141 min,8.0
450,Anatomy of a Murder,(1959),161 min,8.0
451,Ngọn Đuốc Của Quỷ,(1958),95 min,8.0
452,Sweet Smell of Success,(1957),96 min,8.0
453,The Killing,(1956),84 min,8.0
454,Đêm Của Kẻ Đi Săn,(1955),92 min,8.0
455,La Strada,(1954),108 min,8.0
456,Stalag 17,(1953),120 min,8.0
457,Roman Holiday,(1953),118 min,8.0
458,Trưa Hè Nóng Bỏng,(1952),85 min,8.0
459,Kind Hearts and Coronets,(1949),106 min,8.0
460,Out of the Past,(1947),97 min,8.0
461,Roma città aperta,(1945),103 min,8.0
462,Brief Encounter,(1945),86 min,8.0
463,Chim Ưng Malta,(1941),100 min,8.0
464,The Shop Around the Corner,(1940),99 min,8.0
465,Bronenosets Potemkin,(1925),75 min,8.0
466,Das Cabinet des Dr. Caligari,(1920),76 min,8.0
467,Kẻ Đâm Lén,(2019),130 min,7.9
468,Kẻ Trộm Siêu Thị,(2018),121 min,7.9
469,Badhaai ho,(2018),124 min,7.9
470,Câu Chuyện Hôn Nhân,(2019),137 min,7.9
471,Super 30,(2019),154 min,7.9
472,Padman,(2018),140 min,7.9
473,Togo,(2019),113 min,7.9
474,Airlift,(2016),130 min,7.9
475,M.S. Dhoni: The Untold Story,(2016),184 min,7.9
476,Đội Đặc Vụ Baby,(I) (2015),159 min,7.9
477,Sing Street,(2016),106 min,7.9
478,Thor: Tận Thế Ragnarok,(2017),130 min,7.9
479,Nhóc Jojo,(2019),108 min,7.9
480,Điều Kỳ Diệu,(I) (2017),113 min,7.9
481,Cuộc Đổ Bộ Bí Ẩn,(II) (2016),116 min,7.9
482,Gully Boy,(2019),154 min,7.9
483,Rắc Rối Tuổi Teen,(2013),96 min,7.9
484,Đột kích 2: Kẻ sát nhân,(2014),150 min,7.9
485,Before Midnight,(2013),109 min,7.9
486,X-Men: Ngày Cũ Của Tương Lai,(2014),132 min,7.9
487,Batman: Vạch Trần Sự Thật,(2022),176 min,7.9
488,Bohemian Rhapsody: Huyền Thoại Ngôi Sao Nhạc Rock,(2018),134 min,7.9
489,Hoje Eu Quero Voltar Sozinho,(2014),96 min,7.9
490,Nghệ Sĩ,(I) (2011),100 min,7.9
491,Cuộc Chiến Luân Hồi,(2014),113 min,7.9
492,Amour,(2012),127 min,7.9
493,Cô Giáo Elly,(2009),119 min,7.9
494,Dev.D,(2009),144 min,7.9
495,Tên tôi là Khan,(2010),165 min,7.9
496,Låt den rätte komma in,(2008),114 min,7.9
497,Khu vực 9,(2009),112 min,7.9
498,Võ Sĩ,(2008),109 min,7.9
499,Jab We Met,(2007),138 min,7.9
500,Thời Thơ Ấu,(I) (2014),165 min,7.9
501,"4 Tháng, 3 Tuần và 2 Ngày",(2007),113 min,7.9
502,Star Trek: Du Hành Giữa Các Vì Sao,(2009),127 min,7.9
503,Căn Bệnh Thế Kỷ,(2013),117 min,7.9
504,Cặp Đôi Sát Thủ Ở Bruges,(2008),107 min,7.9
505,Người Bất Tử,(2007),87 min,7.9
506,Những Lá Thư Từ Iwo Jima,(2006),141 min,7.9
507,Cuộc Đời Của Pi,(2012),127 min,7.9
508,Gia Đình Nhà Cáo,(2009),87 min,7.9
509,Bin-jip,(2004),88 min,7.9
510,C.R.A.Z.Y.,(2005),129 min,7.9
511,Vozvrashchenie,(2003),110 min,7.9
512,Người Sắt,(2008),126 min,7.9
513,Giữa Bầy Xác Sống,(2004),99 min,7.9
514,Kal Ho Naa Ho,(2003),186 min,7.9
515,Gegen die Wand,(2004),121 min,7.9
516,Dòng Sông Kì Bí,(2003),138 min,7.9
517,Harry Potter và Tên Tù Nhân Ngục Azkaban,(2004),142 min,7.9
518,Anh Hùng,(2002),120 min,7.9
519,Hable con ella,(2002),112 min,7.9
520,No Man's Land,(I) (2001),98 min,7.9
521,Siêu Điệp Viên 1: Danh Tính Của Bourne,(2002),119 min,7.9
522,Nueve reinas,(2000),114 min,7.9
523,Những Đứa Trẻ Thời Chiến,(2006),109 min,7.9
524,Ngọa Hổ Tàng Long,(2000),120 min,7.9
525,Gần Như Nổi Tiếng,(2000),122 min,7.9
526,Dancer in the Dark,(2000),140 min,7.9
527,Ảo Mộng Thiên Đường,(2001),147 min,7.9
528,Gã Chằn Tinh Tốt Bụng,(2001),90 min,7.9
529,Câu Chuyện Đồ Chơi 2,(1999),92 min,7.9
530,Titanic,(1997),194 min,7.9
531,Knockin' on Heaven's Door,(1997),87 min,7.9
532,Đêm Ăn Chơi,(1997),155 min,7.9
533,Lời Thì Thầm Của Trái Tim,(1995),111 min,7.9
534,Kôkaku Kidôtai,(1995),83 min,7.9
535,Once Were Warriors,(1994),102 min,7.9
536,True Romance,(1993),119 min,7.9
537,Ba Sắc Màu: Xanh,(1993),94 min,7.9
538,Đêm Kinh Hoàng Trước Giáng Sinh,(1993),76 min,7.9
539,Con Đường Tội Lỗi Của Carlito,(1993),144 min,7.9
540,Bound by Honor,(1993),180 min,7.9
541,Người Kéo Học Yêu,(1990),105 min,7.9
542,Bàn Chân Trái Của Tôi,(1989),103 min,7.9
543,Do the Right Thing,(1989),120 min,7.9
544,Không Thể Mua Chuộc,(1987),119 min,7.9
545,Sacrifice,(1986),149 min,7.9
546,Hannah and Her Sisters,(1986),107 min,7.9
547,Anh Chàng Hay Mơ,(1985),132 min,7.9
548,This Is Spinal Tap,(1984),82 min,7.9
549,A Christmas Story,(1983),93 min,7.9
550,E.T: Sinh vật Ngoài Hành Tinh,(1982),115 min,7.9
551,Võ Sĩ Thế Thân,(1980),180 min,7.9
552,Tinh Anh Em,(1980),133 min,7.9
553,Manhattan,(1979),96 min,7.9
554,All the President's Men,(1976),138 min,7.9
555,Amarcord,(1973),123 min,7.9
556,Harold and Maude,(1971),91 min,7.9
557,Patton,(1970),172 min,7.9
558,Il conformista,(1970),113 min,7.9
559,Le cercle rouge,(1970),140 min,7.9
560,The Wild Bunch,(1969),145 min,7.9
561,The Lion in Winter,(1968),134 min,7.9
562,Sức Nóng Màn Đêm,(1967),110 min,7.9
563,In Cold Blood,(1967),134 min,7.9
564,Doctor Zhivago,(1965),197 min,7.9
565,Một Nắm Đô La,(1964),99 min,7.9
566,Câu Đố,(1963),113 min,7.9
567,Vivre sa vie: Film en douze tableaux,(1962),80 min,7.9
568,Ứng Cử Viên Bị Giật Dây,(1962),126 min,7.9
569,Spartacus,(1960),197 min,7.9
570,Hiroshima Tình Yêu Của Tôi,(1959),90 min,7.9
571,Cat on a Hot Tin Roof,(1958),108 min,7.9
572,Ascenseur pour l'échafaud,(1958),91 min,7.9
573,Mười Điều Răn Của Chúa,(1956),220 min,7.9
574,The Searchers,(1956),119 min,7.9
575,Cái Nóng Oi Ả,(1953),89 min,7.9
576,Chuyến Tàu Mang Tên Dục Vọng,(1951),122 min,7.9
577,Kẻ Lạ Trên Chuyến Tàu,(1951),101 min,7.9
578,In a Lonely Place,(1950),94 min,7.9
579,Harvey,(1950),104 min,7.9
580,Rope,(1948),80 min,7.9
581,Miracle on 34th Street,(1947),96 min,7.9
582,Câu Chuyện Về Notorious,(1946),102 min,7.9
583,The Big Sleep,(1946),114 min,7.9
584,La belle et la bête,(1946),96 min,7.9
585,Thời Kỳ Đại Suy Thoái,(1945),111 min,7.9
586,The Lost Weekend,(1945),101 min,7.9
587,Laura,(1944),88 min,7.9
588,Arsenic and Old Lace,(1944),118 min,7.9
589,Sullivan's Travels,(1941),90 min,7.9
590,The Philadelphia Story,(1940),112 min,7.9
591,La règle du jeu,(1939),110 min,7.9
592,The Adventures of Robin Hood,(1938),102 min,7.9
593,The Thin Man,(1934),91 min,7.9
594,King Kong,(1933),100 min,7.9
595,Nosferatu,(1922),94 min,7.9
596,Quý Ông Thế Giới Ngầm,(2019),113 min,7.8
597,Bảy Viên Ngọc Rồng Siêu Cấp: Broly,(2018),100 min,7.8
598,Hindi Medium,(2017),132 min,7.8
599,Gọi Em Bằng Tên Anh,(2017),132 min,7.8
600,"I, Daniel Blake",(2016),100 min,7.8
601,Đảo Của Những Chú Chó,(2018),101 min,7.8
602,Cuộc Di Tản Dunkirk,(2017),106 min,7.8
603,Bộ Ba Ưu Việt,(2016),127 min,7.8
604,Hunt for the Wilderpeople,(2016),101 min,7.8
605,Gấu Paddington 2,(2017),103 min,7.8
606,Manchester by the Sea,(2016),137 min,7.8
607,Mảnh Đất Của Tôi,(2015),100 min,7.8
608,Rogue One: Star Wars Ngoại Truyện,(2016),133 min,7.8
609,Captain Fantastic,(2016),118 min,7.8
610,Captain America: Nội Chiến Siêu Anh Hùng,(2016),147 min,7.8
611,Tám Hận Thù,(2015),168 min,7.8
612,Những Người Phụ Nữ Bé Nhỏ,(2019),135 min,7.8
613,Vincent Thương Mến,(2017),94 min,7.8
614,Pride,(I) (2014),119 min,7.8
615,Kẻ Săn Tin Đen,(2014),117 min,7.8
616,Chiến Tranh Giữa Các Vì Sao Tập 7: Thần Lực Thức Tỉnh,(2015),138 min,7.8
617,Chiếc Hộp Lạ Kì,(2013),104 min,7.8
618,Vicky Donor,(2012),126 min,7.8
619,Biệt Đội Big Hero 6,(2014),102 min,7.8
620,Đã Đến Lúc,(I) (2013),123 min,7.8
621,Tiếng Anh Là Chuyện Nhỏ,(2012),134 min,7.8
622,Kẻ Lập Dị,(2013),131 min,7.8
623,Captain America: Chiến Binh Mùa Đông,(2014),136 min,7.8
624,Một Thời Ở Anatolia,(2011),157 min,7.8
625,Moonrise Kingdom,(2012),94 min,7.8
626,Bí Kíp Luyện Rồng 2,(2014),102 min,7.8
627,Đại Suy Thoái,(2015),130 min,7.8
628,Ác Nhân,(2010),144 min,7.8
629,Cô Gái Có Hình Xăm Rồng,(2011),158 min,7.8
630,Thuyền Trưởng Phillips,(2013),134 min,7.8
631,Straight Outta Compton,(2015),147 min,7.8
632,Người Đàn Ông Ireland,(2019),209 min,7.8
633,Mạng Xã Hội,(2010),120 min,7.8
634,Nhà Tiên Tri,(2009),155 min,7.8
635,Thirteen Lives,(2022),147 min,7.8
636,Người Mẹ,(2009),129 min,7.8
637,Chugyeokja,(2008),125 min,7.8
638,Moon,(2009),97 min,7.8
639,Người Hobbit: Đại Chiến Với Rồng Lửa,(2013),161 min,7.8
640,Das weiße Band - Eine deutsche Kindergeschichte,(2009),144 min,7.8
641,Män som hatar kvinnor,(2009),152 min,7.8
642,Tử Địa Skyfall,(2012),143 min,7.8
643,Verdens verste menneske,(2021),128 min,7.8
644,Võ Sĩ,(I) (2010),116 min,7.8
645,Cưỡng Đoạt,(I) (2008),90 min,7.8
646,Once,(I) (2007),86 min,7.8
647,Người Hobbit: Hành Trình Vô Định,(2012),169 min,7.8
648,Sự Hoài Nghi,(2008),141 min,7.8
649,Chuộc Lỗi,(2007),123 min,7.8
650,Tay Lái Siêu Hạng,(I) (2011),100 min,7.8
651,Giang Hồ Mỹ,(2007),157 min,7.8
652,Avatar,(2009),162 min,7.8
653,Mr. Nobody,(2009),141 min,7.8
654,Đế Chế Maya,(2006),139 min,7.8
655,Cú Ngã,(I) (2006),117 min,7.8
656,Hoa Hậu Nhí,(2006),101 min,7.8
657,Siêu Cớm,(2007),121 min,7.8
658,Dị Nhân Benjamin,(2008),166 min,7.8
659,Veer-Zaara,(2004),192 min,7.8
660,Kiêu Hãnh và Định Kiến,(2005),129 min,7.8
661,Tay Đua Huyền Thoại,(2005),127 min,7.8
662,Tôkyô goddofâzâzu,(2003),90 min,7.8
663,Sứ Mệnh Hiểm Nguy,(2005),119 min,7.8
664,Đổ Vỡ,(I) (2004),112 min,7.8
665,Les choristes,(2004),97 min,7.8
666,Dọc Đường Gió Bụi,(2005),136 min,7.8
667,Nhật Ký Tình Yêu,(2004),123 min,7.8
668,Võ Sĩ Đạo Cuối Cùng,(2003),154 min,7.8
669,Hành Trình Nam Mỹ,(2004),126 min,7.8
670,Lilja 4-ever,(2002),109 min,7.8
671,Vai Diễn Ngàn Năm,(2001),87 min,7.8
672,Cowboy Bebop: Tengoku no tobira,(2001),115 min,7.8
673,Khu Vực an Ninh Chung,(2000),110 min,7.8
674,Đội Bóng Phi Thường,(2000),113 min,7.8
675,Todo sobre mi madre,(1999),101 min,7.8
676,Một Mình Trên Hoang Đảo,(2000),143 min,7.8
677,Nội Gián,(1999),157 min,7.8
678,Những Cậu Bé Hỏa Tiễn,(1999),108 min,7.8
679,Thử Làm John Malkovich,(1999),113 min,7.8
680,Công Nghệ Gen,(1997),106 min,7.8
681,Hamlet,(1996),242 min,7.8
682,Breaking the Waves,(1996),159 min,7.8
683,Kẻ Bất Tài,(1994),127 min,7.8
684,Tombstone,(1993),130 min,7.8
685,Lũ Quỷ Nhỏ,(1993),101 min,7.8
686,The Remains of the Day,(1993),134 min,7.8
687,Jûbê ninpûchô,(1993),94 min,7.8
688,The Fugitive,(1993),130 min,7.8
689,Chuyện Ở Bronx,(1993),121 min,7.8
690,Batman: Mask of the Phantasm,(1993),76 min,7.8
691,Boyz n the Hood,(1991),112 min,7.8
692,Nữ Anh Hùng Misery,(1990),107 min,7.8
693,Awakenings,(1990),121 min,7.8
694,Cô Phù Thủy Nhỏ Kiki,(1989),103 min,7.8
695,Vinh Quang,(1989),122 min,7.8
696,Điệp Huyết Song Hùng,(1989),111 min,7.8
697,Crimes and Misdemeanors,(1989),104 min,7.8
698,Trở Về Tương Lai Phần 2,(1989),108 min,7.8
699,Dòng Sông Mãnh Liệt,(1988),128 min,7.8
700,Quái Thú Vô Hình,(1987),107 min,7.8
701,Ferris Bueller's Day Off,(1986),103 min,7.8
702,Hội Điểm Tâm,(1985),97 min,7.8
703,Cánh Đồng Chết,(1984),141 min,7.8
704,Biệt Đội Săn Ma,(1984),105 min,7.8
705,The Right Stuff,(1983),193 min,7.8
706,The King of Comedy,(1982),109 min,7.8
707,Gà Trống Nuôi Con,(1979),105 min,7.8
708,All That Jazz,(1979),123 min,7.8
709,Ngày Thiên Đường,(1978),94 min,7.8
710,Dawn of the Dead,(1978),127 min,7.8
711,Kẻ Ngoài Vòng Pháp Luật,(1976),135 min,7.8
712,The Man Who Would Be King,(1975),129 min,7.8
713,La montaña sagrada,(1973),114 min,7.8
714,The Conversation,(1974),113 min,7.8
715,The Day of the Jackal,(1973),143 min,7.8
716,Le charme discret de la bourgeoisie,(1972),102 min,7.8
717,Cabaret,(1972),124 min,7.8
718,"Aguirre, der Zorn Gottes",(1972),95 min,7.8
719,Willy Wonka và Nhà Máy Sôcôla,(1971),100 min,7.8
720,Đi Tìm Vận May,(1969),113 min,7.8
721,Đêm Của Những Thây Ma,(1968),96 min,7.8
722,Guess Who's Coming to Dinner,(1967),108 min,7.8
723,Les parapluies de Cherbourg,(1964),91 min,7.8
724,My Fair Lady,(1964),170 min,7.8
725,Mary Poppins,(1964),139 min,7.8
726,The Innocents,(1961),100 min,7.8
727,L'avventura,(1960),144 min,7.8
728,East of Eden,(1955),118 min,7.8
729,The Day the Earth Stood Still,(1951),92 min,7.8
730,The Asphalt Jungle,(1950),112 min,7.8
731,Red River,(1948),133 min,7.8
732,To Have and Have Not,(1944),100 min,7.8
733,Gaslight,(1944),114 min,7.8
734,Shadow of a Doubt,(1943),108 min,7.8
735,His Girl Friday,(1940),92 min,7.8
736,Stagecoach,(1939),96 min,7.8
737,You Can't Take It with You,(1938),126 min,7.8
738,The Lady Vanishes,(1938),96 min,7.8
739,Bringing Up Baby,(1938),102 min,7.8
740,A Night at the Opera,(1935),96 min,7.8
741,Bride of Frankenstein,(1935),75 min,7.8
742,Duck Soup,(1933),69 min,7.8
743,Freaks,(1932),64 min,7.8
744,Frankenstein,(1931),70 min,7.8
745,Khu Phố Roma,(2018),135 min,7.7
746,Deadpool 2,(2018),119 min,7.7
747,Sound of Metal,(2019),120 min,7.7
748,Vùng Đất Tử Thần,(2017),107 min,7.7
749,Forushande,(2016),124 min,7.7
750,Trốn Thoát,(I) (2017),104 min,7.7
751,Nhiệm Vụ Bất Khả Thi: Sụp Đổ,(2018),147 min,7.7
752,Người Lạ Hoàn Hảo,(2016),96 min,7.7
753,Udta Punjab,(2016),148 min,7.7
754,Kubo và Sứ Mệnh Samurai,(2016),101 min,7.7
755,En man som heter Ove,(2015),116 min,7.7
756,Cô Bé Dũng Cảm,(2017),94 min,7.7
757,Kỷ Niệm Về Marnie,(2014),103 min,7.7
758,Thuyết Yêu Thương,(2014),123 min,7.7
759,Mật Vụ Kingsman,(2014),129 min,7.7
760,Khi Lỗi Thuộc Về Những Vì Sao,(2014),126 min,7.7
761,"Tôi, Earl và Cô Bạn Hấp Hối",(2015),105 min,7.7
762,Người Chim hay (Công Dụng Không Ngờ Của Việc Kém Nổi Tiếng),(2014),119 min,7.7
763,Le passé,(2013),130 min,7.7
764,La grande bellezza,(2013),141 min,7.7
765,Ma vie de Courgette,(2016),66 min,7.7
766,La vie d'Adèle,(2013),180 min,7.7
767,The Broken Circle Breakdown,(2012),111 min,7.7
768,Gió Nổi,(2013),126 min,7.7
769,Câu Chuyện Đồ Chơi 4,(2019),100 min,7.7
770,Nebraska,(2013),115 min,7.7
771,Ráp-phờ Đập Phá,(2012),101 min,7.7
772,Hoàng Tử Bé,(2015),108 min,7.7
773,Hững Hờ,(2011),98 min,7.7
774,Nửa Đêm Ở Paris,(2011),94 min,7.7
775,Kokuhaku,(2010),106 min,7.7
776,Người Vô Danh Tính,(2010),119 min,7.7
777,Câu Chuyện Lego,(2014),100 min,7.7
778,Cuộc Chiến Không Trọng Lực,(2013),91 min,7.7
779,Star Trek: Chìm Trong Bóng Tối,(2013),132 min,7.7
780,Dã Thú Một Quốc Gia,(2015),137 min,7.7
781,X-Men: Thế Hệ Thứ Nhất,(2011),131 min,7.7
782,Ba Chàng Ngự Lâm,(2009),100 min,7.7
783,Phiên Tòa Chicago 7,(2020),129 min,7.7
784,Tình Yêu Tìm Lại,(2012),122 min,7.7
785,Druk,(2020),117 min,7.7
786,Chiến Dịch Sinh Tử,(2012),120 min,7.7
787,500 Ngày Yêu,(2009),95 min,7.7
788,Harry Potter và Bảo Bối Tử Thần: Phần 1,(2010),146 min,7.7
789,The Boy in the Striped Pajamas,(2008),94 min,7.7
790,Auf der anderen Seite,(2007),122 min,7.7
791,Sự Thật Chết Người,(2008),122 min,7.7
792,Kẻ Trộm Giấc Mơ,(2006),90 min,7.7
793,Lật Ngược,(I) (2010),90 min,7.7
794,Cô Gái Vượt Thời Gian,(2006),98 min,7.7
795,Đây Là Nước Anh,(2006),101 min,7.7
796,Người Máy Trỗi Dậy,(2014),108 min,7.7
797,Sau Hôn Nhân,(2006),120 min,7.7
798,Sát Nhân Huyền Thoại,(2007),157 min,7.7
799,Con Số May Mắn,(2006),110 min,7.7
800,Joyeux Noël,(2005),116 min,7.7
801,Adams æbler,(2005),94 min,7.7
802,Công Chúa Tóc Mây,(2010),100 min,7.7
803,Zwartboek,(2006),145 min,7.7
804,Chuyện Tình Sau Núi,(2005),134 min,7.7
805,Chuyến Tàu Tới Yuma,(2007),122 min,7.7
806,Tuyệt Đỉnh Kung Fu,(2004),99 min,7.7
807,Siêu Điệp Viên 2: Quyền Lực Của Bourne,(2004),108 min,7.7
808,Gã Thợ Máy,(2004),101 min,7.7
809,Ray,(I) (2004),152 min,7.7
810,Ondskan,(2003),113 min,7.7
811,Lạc Lối Ở Tokyo,(2003),102 min,7.7
812,Harry Potter và Chiếc Cốc Lửa,(2005),157 min,7.7
813,Người Đỡ Đạn,(2004),146 min,7.7
814,Cô Bé Coraline,(2009),100 min,7.7
815,The Magdalene Sisters,(2002),114 min,7.7
816,Đi Tìm Miền Đất Hứa,(2004),106 min,7.7
817,Good Bye Lenin!,(2003),121 min,7.7
818,In America,(2002),105 min,7.7
819,Les triplettes de Belleville,(2003),80 min,7.7
820,Adaptation.,(2002),115 min,7.7
821,Diều Hâu Gãy Cánh,(2001),144 min,7.7
822,Con Đường Diệt Vong,(2002),117 min,7.7
823,Das Experiment,(2001),120 min,7.7
824,Billy Elliot,(2000),110 min,7.7
825,Hedwig and the Angry Inch,(2001),95 min,7.7
826,Bá Tước Monte Cristo,(2002),131 min,7.7
827,Y tu mamá también,(2001),106 min,7.7
828,Đánh Thức Cuộc Đời,(2001),99 min,7.7
829,11 Tên Cướp Thế Kỷ,(2001),116 min,7.7
830,3 Kẻ Trốn Tù,(2000),107 min,7.7
831,Bản Báo Cáo Thiểu Số,(2002),145 min,7.7
832,"South Park: Bigger, Longer & Uncut",(1999),81 min,7.7
833,Cách Mạng Công Sở,(1999),89 min,7.7
834,Happiness,(1998),134 min,7.7
835,Súng Thần,(1999),108 min,7.7
836,Ngày Huấn Luyện,(2001),122 min,7.7
837,Lola rennt,(1998),81 min,7.7
838,Abre los ojos,(1997),119 min,7.7
839,Hương Vị Anh Đào,(1997),95 min,7.7
840,As Good as It Gets,(1997),139 min,7.7
841,Hana-bi,(1997),103 min,7.7
842,Trò Chơi Ma Quỷ,(1997),129 min,7.7
843,Donnie Brasco: Kẻ Nằm Vùng,(1997),127 min,7.7
844,Xuân Quang Xạ Tiết,(1997),96 min,7.7
845,Tỏa Sáng,(1996),105 min,7.7
846,Primal Fear,(1996),129 min,7.7
847,Lý Trí Và Tình Cảm,(1995),136 min,7.7
848,Apollo 13: Bí Ẩn Mặt Trăng,(I) (1995),140 min,7.7
849,Il postino,(1994),108 min,7.7
850,Dân Chơi,(1994),92 min,7.7
851,Tình Yêu Của Gilbert Grape,(1993),118 min,7.7
852,Short Cuts,(1993),188 min,7.7
853,Philadelphia,(1993),125 min,7.7
854,Naked,(1993),131 min,7.7
855,The Muppet Christmas Carol,(1992),85 min,7.7
856,Malcolm X,(1992),202 min,7.7
857,Người Mohican Cuối Cùng,(1992),112 min,7.7
858,Lạt Thủ Thần Thám,(1992),128 min,7.7
859,Kurenai no buta,(1992),94 min,7.7
860,Glengarry Glen Ross,(1992),100 min,7.7
861,Chỉ Vài Người Tốt,(1992),138 min,7.7
862,Night on Earth,(1991),129 min,7.7
863,Fried Green Tomatoes,(1991),130 min,7.7
864,La double vie de Véronique,(1991),98 min,7.7
865,Yume,(1990),119 min,7.7
866,Miller's Crossing,(1990),115 min,7.7
867,Ở Nhà Một Mình,(1990),103 min,7.7
868,When Harry Met Sally...,(1989),95 min,7.7
869,Ai Mưu Hại Thỏ Roger?,(1988),104 min,7.7
870,Spoorloos,(1988),107 min,7.7
871,Hoàng Đế Cuối Cùng,(1987),163 min,7.7
872,Ma Cây 2,(1987),84 min,7.7
873,Đế Chế Mặt Trời,(1987),153 min,7.7
874,Án Mạng Trong Tu Viện,(1986),130 min,7.7
875,Down by Law,(1986),107 min,7.7
876,Blue Velvet,(1986),120 min,7.7
877,The Purple Rose of Cairo,(1985),82 min,7.7
878,The Goonies,(1985),114 min,7.7
879,Màu tía,(1985),154 min,7.7
880,Zelig,(1983),79 min,7.7
881,The Verdict,(1982),129 min,7.7
882,Star Trek 2: Cơn thịnh nộ của Khan,(1982),113 min,7.7
883,Rambo: Đổ Máu,(1982),93 min,7.7
884,Ordinary People,(1980),124 min,7.7
885,Chuyến Bay Tình Yêu,(1980),88 min,7.7
886,Halloween,(1978),91 min,7.7
887,Nashville,(1975),160 min,7.7
888,Love and Death,(1975),85 min,7.7
889,Cảnh Sát Trưởng Da Đen,(1974),93 min,7.7
890,Serpico,(1973),130 min,7.7
891,La planète sauvage,(1973),72 min,7.7
892,Badlands,(1973),94 min,7.7
893,Deliverance,(1972),109 min,7.7
894,The French Connection,(1971),104 min,7.7
895,Dirty Harry,(1971),102 min,7.7
896,Wait Until Dark,(1967),108 min,7.7
897,The Dirty Dozen,(1967),150 min,7.7
898,Những Kẻ Cướp Nhà Băng,(1967),111 min,7.7
899,Belle de jour,(1967),100 min,7.7
900,A Man for All Seasons,(1966),120 min,7.7
901,Zulu,(1964),138 min,7.7
902,Ngón Tay Vàng,(1964),110 min,7.7
903,The Longest Day,(1962),178 min,7.7
904,Cape Fear,(1962),106 min,7.7
905,Jules et Jim,(1962),105 min,7.7
906,The Magnificent Seven,(1960),128 min,7.7
907,À bout de souffle,(1960),90 min,7.7
908,Invasion of the Body Snatchers,(1956),80 min,7.7
909,Cuộc Nổi Loạn Trên Tàu Caine,(1954),124 min,7.7
910,The Quiet Man,(1952),129 min,7.7
911,Nữ Hoàng Châu Phi,(1951),105 min,7.7
912,Key Largo,(1948),100 min,7.7
913,Fantasia,(1940),125 min,7.7
914,Mặt Sẹo,(1932),93 min,7.7
915,Cái Giá Của Sự Thật,(2019),126 min,7.6
916,Nhà Mitchell Đối Đầu Với Máy Móc,(2021),114 min,7.6
917,Truy Tìm Tung Tích Ảo,(III) (2018),102 min,7.6
918,Chuyện Ngày Xưa Ở... Hollywood,(2019),161 min,7.6
919,Vệ Binh Dải Ngân Hà 2,(2017),136 min,7.6
920,Người Đàm Phán,(2015),142 min,7.6
921,Hành Trình Của Moana,(I) (2016),107 min,7.6
922,Chúng Ta Làm Gì Trong Bóng Tối,(2014),86 min,7.6
923,Sicario: Ranh Giới,(2015),121 min,7.6
924,Tay Đấm Huyền Thoại,(II) (2015),133 min,7.6
925,Leviafan,(2014),140 min,7.6
926,Không Lùi Bước,(II) (2016),102 min,7.6
927,Philomena,(2013),98 min,7.6
928,Sự Khởi Đầu Của Hành Tinh Khỉ,(2014),130 min,7.6
929,Đột kích: Chuộc tội,(2011),101 min,7.6
930,End of Watch,(2012),109 min,7.6
931,Vì Sao Vụt Sáng,(2018),136 min,7.6
932,True Grit: Báo Thù,(2010),110 min,7.6
933,Kẻ Trộm Mặt Trăng,(2010),95 min,7.6
934,Hên Xui,(2011),100 min,7.6
935,Người Hùng Củ Chuối,(2010),117 min,7.6
936,Phòng Giam 211,(2009),113 min,7.6
937,Tiền Bi,(2011),133 min,7.6
938,Tôi Sống Trong Tôi,(2011),120 min,7.6
939,Góc Khuất,(2009),129 min,7.6
940,Gake no ue no Ponyo,(2008),101 min,7.6
941,Siêu Tệ Hại,(2007),113 min,7.6
942,7 Số Phận,(2008),123 min,7.6
943,Hang Quỷ Đông Âu,(2007),100 min,7.6
944,Ánh Sao Ma Thuật,(2007),127 min,7.6
945,Chuyến Bay Số Hiệu 93,(2006),111 min,7.6
946,Vị Vua Cuối Cùng Của Scotland,(2006),123 min,7.6
947,Điệp Vụ Kép,(2006),129 min,7.6
948,Đứa Bé Mất Tích,(2007),114 min,7.6
949,Kung Fu Panda,(2008),92 min,7.6
950,Control,(2007),122 min,7.6
951,300 Chiến Binh,(2006),117 min,7.6
952,Match Point,(2005),124 min,7.6
953,Người Hùng Báo Thù,(2009),162 min,7.6
954,Trùm Chiến Tranh,(2005),122 min,7.6
955,Lưỡi Cưa,(2004),103 min,7.6
956,Cuộc Đính Hôn Lâu Dài,(2004),133 min,7.6
957,The Station Agent,(2003),89 min,7.6
958,Những Mảnh Đời Bất Hạnh,(2003),124 min,7.6
959,25th Hour,(2002),135 min,7.6
960,Hiệu Ứng Cánh Bướm,(2004),113 min,7.6
961,Tôi Là Sam,(2001),132 min,7.6
962,The Royal Tenenbaums,(2001),110 min,7.6
963,Harry Potter và Hòn Đá Phù Thủy,(2001),152 min,7.6
964,Ngôi Nhà Toàn Ma,(2001),101 min,7.6
965,Cuộc Chiến Ma Túy,(2000),147 min,7.6
966,Kẻ Sát Nhân Cuồng Tín,(2000),102 min,7.6
967,Rushmore,(1998),93 min,7.6
968,Chiến Tranh Giữa Các Vì Sao 3: Người Sith Báo Thù,(2005),140 min,7.6
969,Lằn Ranh Đỏ Mỏng Manh,(1998),170 min,7.6
970,Hoa Mộc Lan,(1998),88 min,7.6
971,Nhân Tố Thứ 5,(1997),126 min,7.6
972,Thành Phố Bóng Đêm,(1998),100 min,7.6
973,Đương Đầu Với Thử Thách 3,(1995),128 min,7.6
974,The Bridges of Madison County,(1995),135 min,7.6
975,Ba Sắc Màu: Trắng,(1994),92 min,7.6
976,My Cousin Vinny,(1992),120 min,7.6
977,Barton Fink,(1991),116 min,7.6
978,Bố Già Phần III,(1990),162 min,7.6
979,Nàng Tiên Cá,(1989),83 min,7.6
980,The Naked Gun: From the Files of Police Squad!,(1988),85 min,7.6
981,RoboCop,(1987),102 min,7.6
982,Vũ Khí Tối Thượng,(1987),109 min,7.6
983,The Fly,(1986),96 min,7.6
984,After Hours,(I) (1985),97 min,7.6
985,Max Điên 2: Hung Thần Xa Lộ,(1981),96 min,7.6
986,Kiểu Tiếp Xúc Thứ 3,(1977),138 min,7.6
987,The Taking of Pelham One Two Three,(1974),104 min,7.6
988,Enter the Dragon,(1973),102 min,7.6
989,The Odd Couple,(1968),105 min,7.6
990,Cậu Bé Rừng Xanh,(1967),78 min,7.6
991,Repulsion,(1965),105 min,7.6
992,The Birds,(1963),119 min,7.6
993,Les yeux sans visage,(1960),90 min,7.6
994,Rebel Without a Cause,(1955),111 min,7.6
995,Cô Phù Thủy Nhỏ Sabrina,(1954),113 min,7.6
996,From Here to Eternity,(1953),118 min,7.6
997,Nàng Bạch Tuyết và Bảy Chú Lùn,(1937),83 min,7.6
998,The 39 Steps,(1935),86 min,7.6
999,The Invisible Man,(1933),71 min,7.6
